{"stat.craftItem.minecraft.iron_block":111,"stat.walkOneCm":43983,"achievement.openInventory":7,"stat.leaveGame":1,"stat.mobKills":1,"stat.killEntity.Creeper":1,"stat.craftItem.minecraft.heavy_weighted_pressure_plate":1,"stat.useItem.minecraft.diamond_sword":4,"stat.craftItem.minecraft.glowstone":1,"stat.flyOneCm":107,"stat.jump":7,"stat.playOneMinute":7687,"stat.pickup.minecraft.stone_button":1,"stat.pickup.minecraft.torch":1,"stat.craftItem.minecraft.stone_button":3,"stat.pickup.minecraft.tnt":1,"stat.craftItem.minecraft.coal_block":2,"stat.damageDealt":200,"stat.craftItem.minecraft.glass":23,"stat.timeSinceDeath":7687,"stat.craftItem.minecraft.torch":13,"stat.craftItem.minecraft.redstone":8,"stat.craftItem.minecraft.repeater":2,"stat.sprintOneCm":8667,"achievement.exploreAllBiomes":{"value":0,"progress":["Plains"]},"stat.craftItem.minecraft.iron_door":1}