{"stat.walkOneCm":18760,"stat.craftItem.minecraft.lapis_block":1,"stat.craftItem.minecraft.sign":1,"stat.playOneMinute":3116,"achievement.openInventory":5,"stat.pickup.minecraft.stone_button":2,"stat.pickup.minecraft.potion":1,"stat.craftItem.minecraft.stone_button":2,"stat.leaveGame":1,"stat.pickup.minecraft.wool":2,"stat.craftItem.minecraft.emerald_block":1,"stat.timeSinceDeath":3116,"stat.pickup.minecraft.ender_pearl":1,"stat.sprintOneCm":1791,"achievement.exploreAllBiomes":{"value":0,"progress":["Plains"]}}