{"stat.craftItem.minecraft.iron_block":196,"stat.walkOneCm":129303,"stat.pickup.minecraft.bone":60,"stat.leaveGame":2,"stat.pickup.minecraft.arrow":1,"stat.craftItem.minecraft.quartz_stairs":37,"stat.jump":6,"stat.pickup.minecraft.coal":2,"stat.pickup.minecraft.porkchop":4,"stat.pickup.minecraft.gunpowder":2,"stat.craftItem.minecraft.torch":39,"stat.sprintOneCm":3880,"achievement.exploreAllBiomes":{"value":0,"progress":["Plains"]},"stat.pickup.minecraft.skull":3,"achievement.openInventory":5,"stat.craftItem.minecraft.dirt":1,"stat.flyOneCm":451,"stat.pickup.minecraft.iron_door":2,"stat.playOneMinute":22310,"stat.pickup.minecraft.torch":7,"stat.sneakTime":4,"stat.craftItem.minecraft.glass":179,"stat.timeSinceDeath":22310,"stat.craftItem.minecraft.iron_door":2}