{"stat.pickup.minecraft.sugar":2,"stat.flyOneCm":774,"stat.pickup.minecraft.glass_bottle":2,"stat.walkOneCm":4972,"stat.pickup.minecraft.bone":8,"stat.drop":4,"stat.jump":1,"stat.playOneMinute":1438,"achievement.openInventory":3,"stat.pickup.minecraft.potion":1,"stat.leaveGame":1,"stat.sneakTime":6,"stat.pickup.minecraft.wool":3,"stat.drop.minecraft.coal_block":1,"stat.crouchOneCm":7,"stat.timeSinceDeath":1438,"stat.drop.minecraft.stone_button":2,"stat.sprintOneCm":1301,"achievement.exploreAllBiomes":{"value":0,"progress":["Plains"]},"stat.drop.minecraft.glass":1}