{"stat.craftItem.minecraft.iron_block":225,"stat.walkOneCm":43380,"stat.jump":8,"stat.craftItem.minecraft.dark_oak_fence_gate":1,"stat.playOneMinute":6795,"achievement.openInventory":9,"stat.pickup.minecraft.torch":3,"stat.craftItem.minecraft.carpet":1,"stat.leaveGame":1,"stat.sneakTime":1036,"stat.crouchOneCm":5718,"stat.timeSinceDeath":6795,"stat.craftItem.minecraft.torch":37,"stat.craftItem.minecraft.spruce_fence":20,"stat.sprintOneCm":418,"achievement.exploreAllBiomes":{"value":0,"progress":["Plains"]},"stat.craftItem.minecraft.glowstone":9,"stat.craftItem.minecraft.birch_fence_gate":2}