{"stat.chestOpened":8,"stat.craftItem.minecraft.stone_slab":3,"stat.craftItem.minecraft.iron_block":298,"stat.walkOneCm":222990,"stat.pickup.minecraft.bone":58,"stat.pickup.minecraft.sign":1,"stat.leaveGame":6,"stat.killEntity.Slime":3,"stat.useItem.minecraft.diamond_sword":3,"stat.craftItem.minecraft.birch_fence_gate":5,"stat.jump":56,"stat.pickup.minecraft.beef":32,"stat.craftItem.minecraft.stone_button":19,"stat.drop.minecraft.coal_block":1,"stat.crouchOneCm":8156,"stat.pickup.minecraft.chicken":4,"stat.craftItem.minecraft.torch":20,"stat.craftItem.minecraft.redstone":23,"stat.sprintOneCm":41113,"achievement.exploreAllBiomes":{"value":0,"progress":["Plains"]},"stat.pickup.minecraft.skull":2,"stat.pickup.minecraft.rotten_flesh":1,"achievement.openInventory":44,"stat.craftItem.minecraft.iron_bars":1,"stat.pickup.minecraft.feather":16,"stat.pickup.minecraft.leather":1,"stat.mobKills":3,"stat.craftItem.minecraft.nether_brick":27,"stat.pickup.minecraft.leather_boots":1,"stat.craftItem.minecraft.heavy_weighted_pressure_plate":11,"stat.craftItem.minecraft.glowstone":3,"stat.flyOneCm":15652,"stat.drop":1,"stat.pickup.minecraft.iron_door":1,"stat.craftItem.minecraft.dark_oak_fence_gate":1,"stat.playOneMinute":56382,"stat.pickup.minecraft.stone_button":2,"stat.pickup.minecraft.torch":6,"stat.sneakTime":1686,"stat.pickup.minecraft.slime_ball":1,"stat.pickup.minecraft.wool":1,"stat.craftItem.minecraft.glass":809,"stat.craftItem.minecraft.coal_block":53,"stat.damageDealt":140,"stat.timeSinceDeath":56382,"stat.craftItem.minecraft.repeater":3,"stat.craftItem.minecraft.iron_door":9,"stat.pickup.minecraft.mutton":8}