{"stat.craftItem.minecraft.iron_block":148,"stat.walkOneCm":102032,"stat.pickup.minecraft.bone":24,"stat.craftItem.minecraft.sign":2,"achievement.openInventory":19,"stat.pickup.minecraft.stick":2,"stat.pickup.minecraft.potion":1,"stat.leaveGame":1,"stat.pickup.minecraft.leather":1,"stat.mobKills":3,"stat.killEntity.Blaze":1,"stat.craftItem.minecraft.nether_brick":16,"stat.killEntity.LavaSlime":1,"stat.craftItem.minecraft.heavy_weighted_pressure_plate":2,"stat.useItem.minecraft.diamond_sword":7,"stat.flyOneCm":620,"stat.jump":9,"stat.playOneMinute":18999,"stat.pickup.minecraft.stone_button":1,"stat.pickup.minecraft.blaze_rod":1,"stat.killEntity.MushroomCow":1,"stat.pickup.minecraft.torch":4,"stat.pickup.minecraft.beef":15,"stat.craftItem.minecraft.stone_button":4,"stat.pickup.minecraft.wool":3,"stat.damageDealt":380,"stat.craftItem.minecraft.glass":46,"stat.craftItem.minecraft.coal_block":2,"stat.timeSinceDeath":18999,"stat.craftItem.minecraft.redstone":20,"stat.craftItem.minecraft.torch":11,"stat.craftItem.minecraft.repeater":1,"stat.sprintOneCm":8534,"achievement.exploreAllBiomes":{"value":0,"progress":["Plains"]},"stat.craftItem.minecraft.iron_door":2}