{"stat.pickup.minecraft.boat":2,"stat.craftItem.minecraft.iron_block":10,"stat.walkOneCm":16363,"stat.playOneMinute":3128,"achievement.openInventory":5,"stat.pickup.minecraft.beef":4,"stat.pickup.minecraft.torch":2,"stat.leaveGame":1,"stat.damageDealt":200,"stat.timeSinceDeath":3128,"stat.craftItem.minecraft.spruce_fence":12,"stat.craftItem.minecraft.torch":2,"stat.killEntity.Cow":2,"stat.mobKills":2,"achievement.exploreAllBiomes":{"value":0,"progress":["Plains"]},"stat.useItem.minecraft.diamond_sword":6,"stat.craftItem.minecraft.birch_fence_gate":1}