{"stat.craftItem.minecraft.iron_block":2,"stat.walkOneCm":16063,"stat.pickup.minecraft.bone":112,"stat.craftItem.minecraft.sign":5,"achievement.openInventory":10,"stat.leaveGame":4,"stat.pickup.minecraft.leather_boots":2,"stat.pickup.minecraft.lapis_block":3,"stat.craftItem.minecraft.wool":2,"stat.pickup.minecraft.birch_fence":65,"stat.playOneMinute":5583,"stat.pickup.minecraft.stone_button":1,"stat.pickup.minecraft.beef":57,"stat.craftItem.minecraft.stone_button":5,"stat.sneakTime":14,"stat.craftItem.minecraft.lever":1,"stat.craftItem.minecraft.gold_block":1,"stat.craftItem.minecraft.coal_block":1,"stat.crouchOneCm":1,"stat.timeSinceDeath":5583,"stat.sprintOneCm":445,"achievement.exploreAllBiomes":{"value":0,"progress":["Plains"]}}