{"stat.craftItem.minecraft.iron_block":8,"stat.walkOneCm":55598,"stat.craftItem.minecraft.sign":3,"achievement.openInventory":9,"stat.pickup.minecraft.potion":1,"stat.killEntity.Chicken":1,"stat.leaveGame":4,"stat.pickup.minecraft.feather":13,"stat.killEntity.Enderman":1,"stat.mobKills":2,"stat.useItem.minecraft.diamond_sword":7,"stat.flyOneCm":480,"stat.drop.minecraft.iron_block":1,"stat.drop.minecraft.sign":1,"stat.drop":2,"stat.jump":1,"stat.playOneMinute":10615,"stat.sneakTime":9,"stat.pickup.minecraft.wool":2,"stat.damageDealt":440,"stat.timeSinceDeath":10615,"stat.pickup.minecraft.ender_pearl":1,"stat.sprintOneCm":12803,"achievement.exploreAllBiomes":{"value":0,"progress":["Plains"]}}