{"stat.chestOpened":1,"stat.craftItem.minecraft.iron_block":94,"stat.walkOneCm":47632,"stat.craftItem.minecraft.sign":16,"achievement.openInventory":10,"stat.leaveGame":2,"stat.craftItem.minecraft.heavy_weighted_pressure_plate":1,"stat.flyOneCm":2999,"stat.jump":21,"stat.playOneMinute":9583,"stat.pickup.minecraft.torch":1,"stat.craftItem.minecraft.stone_button":2,"stat.sneakTime":2,"stat.craftItem.minecraft.coal_block":1,"stat.craftItem.minecraft.glass":14,"stat.timeSinceDeath":9583,"stat.craftItem.minecraft.torch":3,"stat.craftItem.minecraft.redstone":10,"stat.pickup.minecraft.stone_slab":1,"stat.craftItem.minecraft.repeater":1,"stat.sprintOneCm":13275,"achievement.exploreAllBiomes":{"value":0,"progress":["Plains"]},"stat.craftItem.minecraft.iron_door":1}