{"stat.craftItem.minecraft.iron_block":3,"stat.walkOneCm":41291,"stat.pickup.minecraft.heavy_weighted_pressure_plate":3,"stat.pickup.minecraft.bone":74,"stat.pickup.minecraft.command_block":96,"achievement.openInventory":13,"stat.leaveGame":1,"stat.pickup.minecraft.arrow":1,"stat.pickup.minecraft.leather_boots":5,"stat.pickup.minecraft.gold_nugget":1,"stat.flyOneCm":57,"stat.deaths":3,"stat.pickup.minecraft.diamond_sword":3,"stat.playOneMinute":9587,"stat.craftItem.minecraft.item_frame":24,"stat.pickup.minecraft.stone_button":3,"stat.pickup.minecraft.tnt":1,"stat.pickup.minecraft.wool":1,"stat.pickup.minecraft.porkchop":8,"stat.pickup.minecraft.iron_block":192,"stat.pickup.minecraft.item_frame":1,"stat.timeSinceDeath":1287,"stat.sprintOneCm":23064,"achievement.exploreAllBiomes":{"value":0,"progress":["Plains"]},"stat.pickup.minecraft.skull":4}