{"stat.craftItem.minecraft.stone_slab":4,"stat.craftItem.minecraft.iron_block":142,"stat.walkOneCm":106018,"stat.craftItem.minecraft.stained_hardened_clay":3,"stat.craftItem.minecraft.sign":6,"achievement.openInventory":21,"stat.craftItem.minecraft.redstone_block":1,"stat.leaveGame":1,"stat.craftItem.minecraft.dirt":2,"stat.craftItem.minecraft.quartz_block":42,"stat.craftItem.minecraft.heavy_weighted_pressure_plate":1,"stat.craftItem.minecraft.glowstone":1,"stat.craftItem.minecraft.wool":1,"stat.pickup.minecraft.string":4,"stat.flyOneCm":1672,"stat.jump":39,"stat.playOneMinute":29696,"stat.pickup.minecraft.stone_button":2,"stat.pickup.minecraft.blaze_rod":3,"stat.pickup.minecraft.torch":2,"stat.craftItem.minecraft.stone_button":9,"stat.craftItem.minecraft.stone_pressure_plate":4,"stat.sneakTime":351,"stat.pickup.minecraft.web":2,"stat.craftItem.minecraft.glass":53,"stat.craftItem.minecraft.coal_block":1,"stat.craftItem.minecraft.emerald_block":1,"stat.pickup.minecraft.redstone":2,"stat.crouchOneCm":1029,"stat.timeSinceDeath":29696,"stat.craftItem.minecraft.redstone":44,"stat.craftItem.minecraft.torch":8,"stat.pickup.minecraft.ender_pearl":2,"stat.sprintOneCm":8042,"stat.pickup.minecraft.fire_charge":3,"achievement.exploreAllBiomes":{"value":0,"progress":["Plains"]},"stat.craftItem.minecraft.iron_door":1}