{"stat.chestOpened":3,"stat.craftItem.minecraft.stone_slab":4,"stat.craftItem.minecraft.iron_block":7,"stat.walkOneCm":38218,"stat.pickup.minecraft.bone":48,"stat.craftItem.minecraft.sign":1,"stat.craftItem.minecraft.redstone_block":1,"stat.leaveGame":5,"stat.craftItem.minecraft.wool":1,"stat.jump":2,"stat.craftItem.minecraft.stone_button":8,"stat.craftItem.minecraft.torch":3,"stat.sprintOneCm":42,"achievement.exploreAllBiomes":{"value":0,"progress":["Plains"]},"stat.pickup.minecraft.skull":3,"stat.pickup.minecraft.rotten_flesh":3,"achievement.openInventory":19,"stat.pickup.minecraft.leather_boots":3,"stat.craftItem.minecraft.heavy_weighted_pressure_plate":1,"stat.drop.minecraft.heavy_weighted_pressure_plate":1,"stat.drop":1,"stat.playOneMinute":10883,"stat.pickup.minecraft.stone_button":1,"stat.sneakTime":27,"stat.craftItem.minecraft.glass":30,"stat.craftItem.minecraft.emerald_block":1,"stat.timeSinceDeath":10883,"stat.craftItem.minecraft.iron_door":1}