{"stat.craftItem.minecraft.iron_block":208,"stat.walkOneCm":123816,"stat.leaveGame":2,"stat.pickup.minecraft.lapis_block":2,"stat.craftItem.minecraft.wool":2,"stat.useItem.minecraft.diamond_sword":10,"stat.pickup.minecraft.diamond_sword":1,"stat.jump":53,"stat.craftItem.minecraft.stone_button":5,"stat.pickup.minecraft.chicken":3,"stat.craftItem.minecraft.hay_block":59,"stat.craftItem.minecraft.torch":7,"stat.craftItem.minecraft.redstone":25,"stat.sprintOneCm":2773,"achievement.exploreAllBiomes":{"value":0,"progress":["Plains"]},"stat.pickup.minecraft.command_block":64,"achievement.openInventory":16,"stat.pickup.minecraft.feather":16,"stat.pickup.minecraft.cobblestone_wall":1,"stat.mobKills":3,"stat.craftItem.minecraft.glowstone":1,"stat.pickup.minecraft.birch_fence":64,"stat.pickup.minecraft.spawn_egg":65,"stat.flyOneCm":5056,"stat.deaths":1,"stat.craftItem.minecraft.birch_fence":27,"stat.pickup.minecraft.wheat_seeds":1,"stat.craftItem.minecraft.dark_oak_fence_gate":5,"stat.playOneMinute":24179,"stat.pickup.minecraft.stone_button":64,"stat.pickup.minecraft.torch":76,"stat.sneakTime":18,"stat.damageDealt":300,"stat.pickup.minecraft.redstone":1,"stat.pickup.minecraft.iron_block":64,"stat.timeSinceDeath":12444,"stat.craftItem.minecraft.repeater":1,"stat.killEntity.Cow":3}