{"stat.chestOpened":3,"stat.craftItem.minecraft.iron_block":5,"stat.flyOneCm":743,"stat.walkOneCm":21362,"stat.pickup.minecraft.bone":24,"stat.jump":2,"stat.playOneMinute":5197,"achievement.openInventory":6,"stat.craftItem.minecraft.stone_button":3,"stat.leaveGame":1,"stat.craftItem.minecraft.iron_bars":6,"stat.timeSinceDeath":5197,"stat.craftItem.minecraft.chest":2,"stat.sprintOneCm":4789,"stat.pickup.minecraft.leather_boots":2,"achievement.exploreAllBiomes":{"value":0,"progress":["Plains"]},"stat.pickup.minecraft.skull":3,"stat.craftItem.minecraft.wool":1}